title,year,summary,operator,passengers,crew,fatalities,survivors
1919 Verona Caproni Ca.48 crash,1919,,Caproni,12,2,14,0
1920 Golders Green Handley Page O/400 crash,1920,,Handley Page Transport,6,2,4,4
1922 Picardie mid-air collision,1922,,Daimler Hire Limited (page does not exist),3,2,5,0
May 1923 Air Union Farman Goliath crash,1923,,Air Union,4,2,6,0
August 1923 Air Union Farman Goliath crash,1923,,Air Union,11,2,1,12
1923 Daimler Airway de Havilland DH.34 crash,1923,,Daimler Airway,3,2,5,0
1924 Imperial Airways de Havilland DH.34 crash,1924,,Imperial Airways,7,1,8,0
August 1926 Air Union Blériot 155 crash,1926,,Air Union,13,2,3,12
October 1926 Air Union Blériot 155 crash,1926,,Air Union,5,2,7,0
1928 Imperial Airways Vickers Vulcan crash,1928,,Imperial Airways,5,1,4,2
1929 Imperial Airways Handley Page W.10 crash,1929,,Imperial Airways,11,2,7,6
1929 Luft Hansa Junkers G 24 crash,1929,,Luft Hansa,4,4,7,1
1930 Air Union Farman Goliath crash,1930,,Air Union,3,3,2,4
1931 Avro Ten <i>Southern Cloud</i> disappearance,1931,,Australian National Airways (1930),6,2,8,0
1933 United Airlines Boeing 247 mid-air explosion,1933,,United Air Lines,4,3,7,0
1934 Swissair Tuttlingen accident,1934,,Swissair,9,3,12,0
American Airlines Flight 1,1936,,American Airlines,14,3,17,0
TWA Flight 1,1936,,Trans World Airlines,11,3,12,2
Havørn Accident,1936,,Norwegian Air Lines,3,4,7,0
Chicago and Southern Flight 4,1936,,Chicago and Southern Air Lines,6,2,8,0
1936 KLM Croydon accident,1936,,KLM Royal Dutch Airlines,13,4,15,2
Stinson Model A <i>City of Brisbane</i> crash,1937,,Airlines of Australia (airline) (page does not exist),5,2,5,3
LZ 129 <i>Hindenburg</i>,1937,,Aircraft registration,36,61,36,62
Sabena OO-AUB,1937,,Aircraft registration,7,4,12,0
1938 Kyeema crash,1938,,Australian National Airways,14,4,18,0
Lovettsville air disaster,1940,,Capital Airlines,21,4,25,0
TWA Flight 3,1942,,Trans World Airlines,19,3,22,0
"Pan Am Flight 1104 <sup id=""cite_ref-ASN_1-0"" class=""reference""><a href=""#cite_note-ASN-1"">[1]</a></sup>",1943,,Pan American World Airways,10,9,19,0
Pennsylvania Central Airlines Flight 105,1946,,Pennsylvania Central Airlines,15,4,3,16
British European Airways Flight 530,1946,,British European Airways,10,5,3,12
AOA Douglas DC-4 <i>Flagship New England</i>,1946,,American Overseas Airlines,31,8,39,0
1946 KLM Douglas DC-3 Amsterdam accident,1946,,KLM,21,5,26,0
TWA Flight 6963,1946,,Trans World Airlines,14,9,9,14
1947 Croydon Dakota accident,1947,,Aircraft registration,18,5,12,11
1947 KLM Douglas DC-3 Copenhagen accident,1947,,KLM,16,6,22,0
Eastern Air Lines Flight 605,1947,,Eastern Air Lines,49,4,53,0
Pennsylvania Central Airlines Flight 410,1947,,Pennsylvania Central Airlines,47,3,50,0
Pan Am Flight 121,1947,,Pan American World Airways,26,10,15,21
Pan Am Flight 923,1947,,Pan American World Airways,13,5,18,0
Pan Am Flight 1-10,1948,,Pan American World Airways,21,10,30,1
British European Airways Flight S200P,1948,,British European Airways,16,4,0,20
1948 Northwood mid-air collision,1948,,No. 99 Squadron RAF,25,7,32,0
1948 Australian National Airways DC-3 crash,1948,,Australian National Airways,10,3,13,0
1948 KLM Constellation air disaster,1948,,KLM,30,10,40,0
1949 Exhall mid-air collision,1949,,Royal Air Force,6,4,10,0
Standard Air Lines Flight 897R,1949,,Standard Air Lines,44,4,35,13
Eastern Air Lines Flight 537,1949,,Aircraft registration,51,4,55,0
American Airlines Flight 157,1949,,American Airlines,41,5,28,18
Northwest Orient Airlines Flight 307,1950,,Northwest Orient Airlines,10,3,15,0
Llandow Air Disaster,1950,,Airflight,78,5,80,3
TWA Flight 903,1950,,TWA,48,7,55,0
Tete de I'Obiou accident,1950,,Curtiss-Reid Flying Service (page does not exist),51,7,58,0
Tuszyn air disaster,1951,,LOT Polish Airlines,15,3,18,0
American Airlines Flight 6780,1952,,American Airlines,20,3,30,0
National Airlines Flight 101,1952,,National Airlines (1934–1980),59,4,33,34
Air France Flight 152,1953,,Air France,34,8,4,38
Air France Flight 178,1953,,Air France,33,9,42,0
American Airlines Flight 723,1953,,American Airlines,25,3,28,0
BCPA Flight 304,1953,,British Commonwealth Pacific Airlines,11,8,19,0
BOAC Flight 781,1954,,British Overseas Airways Corporation,29,6,35,0
1954 Prestwick air disaster,1954,,British Overseas Airways Corporation,25,11,28,8
Pan Am Flight 845/26,1955,,Pan American World Airways,15,8,4,19
El Al Flight 402,1955,,El Al,51,7,58,0
United Airlines Flight 629,1955,,United Airlines,39,5,44,0
Linea Aeropostal Venezolana Flight 253,1956,,Linea Aeropostal Venezolana,64,10,74,0
1956 Kano Airport BOAC Argonaut crash,1956,,British Overseas Airways Corporation,38,7,32,13
Braathens SAFE Flight 253,1956,,Braathens,10,2,2,10
Linea Aeropostal Venezolana Flight 253,1956,,Aeropostal Alas de Venezuela,18,7,25,0
1957 Blackbushe Viking accident,1957,,Eagle Aviation Limited,30,5,34,1
KLM Flight 844,1957,,KLM,59,9,58,10
Pan Am Flight 7,1957,,Pan American World Airways,36,8,44,0
1957 Aquila Airways Solent crash,1957,,Aquila Airways,50,8,45,13
Munich air disaster,1958,,British European Airways,38,6,23,21
Winter Hill air disaster,1958,,Silver City Airways,39,3,35,7
Capital Airlines Flight 67,1958,,Capital Airlines,44,3,47,0
Northeast Airlines Flight 258,1958,,Northeast Airlines,31,3,25,9
1958 London Vickers Viking accident,1958,,Independent Air Travel (page does not exist),0,3,7,0
1959 Turkish Airlines Gatwick crash,1959,,Turkish Airlines,16,8,14,10
G-AGRH <i>Zephyr</i>,1959,,Air Charter Limited,0,12,12,0
National Airlines Flight 967,1959,,National Airlines (1934–1980),36,6,42,0
Avianca Flight 671,1960,,Avianca,39,7,37,9
Northwest Orient Airlines Flight 710,1960,,Northwest Orient Airlines,57,6,63,0
Cal Poly football team C-46 crash,1960,,Aircraft registration,45,3,22,26
"1960 New York mid-air collision<br />
<span style=""font-weight:normal;""><small>United Airlines Flight 826&#160;<b>·</b> Trans World Airlines Flight 266</small></span>",1960,,Trans World Airlines,77,7,84,0
"<a href=""/wiki/Sabena"" title=""Sabena"">Sabena</a> Flight SN548",1961,,Sabena,61,11,73,0
LAN Chile Flight 621,1961,,LAN Airlines,20,4,24,0
Holtaheia Accident,1961,,British Eagle,36,3,39,0
TWA Flight 529,1961,,Trans World Airlines,73,5,78,0
1961 President Airlines Douglas DC-6 crash,1961,,Aircraft registration,77,6,83,0
1961 Ndola United Nations DC-6 crash,1961,,Transair Sweden,11,5,16,0
Imperial Airlines Flight 201/8,1961,,Imperial Airlines,74,5,77,2
Aerolíneas Argentinas Flight 322,1961,,Aerolíneas Argentinas,40,12,52,0
Ansett-ANA Flight 325,1961,,Ansett-ANA,11,4,15,0
Flying Tiger Line Flight 739,1962,,Flying Tiger Line,96,11,107,0
1962 Channel Airways Dakota accident,1962,,East Anglian Flying Services,15,3,12,5
Continental Airlines Flight 11,1962,,Continental Airlines,37,8,45,0
Aeroflot Flight 3,1962,,Aeroflot,79,7,86,0
1962 LOT Vickers Viscount Warsaw crash,1962,,LOT Polskie Linie Lotnicze,28,5,33,0
Civil Air Transport Flight 106,1964,,Civil Air Transport,52,5,57,0
Bonanza Air Lines Flight 114,1964,,Bonanza Air Lines,26,3,29,0
British United Airways Flight 1030X,1965,,Jersey Airlines,23,4,26,1
1965 Skyways Coach-Air Avro 748 crash,1965,,Skyways Coach-Air,48,4,0,52
Aeroflot Flight 65,1966,,Aircraft registration,47,19,21,45
Ansett-ANA Flight 149,1966,,Ansett-ANA,20,4,24,0
West Coast Airlines Flight 956,1966,,West Coast Airlines,13,5,18,0
Lake Central Flight 527,1967,,Lake Central Airlines,35,3,38,0
Varig Flight 837,1967,,Varig,71,19,56,39
South African Airways Flight 406,1967,,South African Airways,20,5,25,0
Stockport Air Disaster,1967,,British Midland Airways,79,5,72,12
ČSA Flight 523,1965,,CSA Ceskoslovenské Aerolinie,61,8,37,32
TWA Flight 159,1967,,Trans World Airlines,29,7,1,35
TWA Flight 128,1967,,Trans World Airlines,75,7,70,12
Air France Flight 212,1968,,Air France,52,11,63,0
South African Airways Flight 228,1968,,South African Airways,116,12,123,5
1968 Heathrow BKS Air Transport Airspeed Ambassador crash,1968,,BKS Air Transport,5,3,6,2
Los Angeles Airways Flight 417,1968,,Los Angeles Airways,18,3,21,0
Japan Airlines Flight 2,1968,,Japan Airlines,96,11,0,107
"Wien Consolidated Airlines<br />
Flight 55",1968,,Wien Air Alaska,36,3,39,0
Allegheny Airlines Flight 736,1968,,Allegheny Airlines,41,6,20,27
MacRobertson Miller Airlines Flight 1750,1968,,MacRobertson Miller Airlines,22,4,26,0
Ariana Afghan Airlines Flight 701,1969,,Ariana Afghan Airlines,54,8,50,14
Allegheny Airlines Flight 737,1969,,Allegheny Airlines,25,3,11,17
Scandinavian Airlines System Flight 933,1969,,Scandinavian Airlines System,36,9,15,30
Prinair Flight 277,1969,,Prinair,17,2,19,0
Viasa Flight 742,1969,,Viasa,74,10,155,0
1969 Aswan Ilyushin Il-18 crash,1969,,United Arab Airlines,98,7,100,5
1969 Yukhnov mid-air collision,1969,,Soviet Air Forces,19,5,24,0
Allegheny Airlines Flight 853,1969,,Aircraft registration,78,4,82,0
Mohawk Airlines Flight 411,1969,,Mohawk Airlines,11,3,14,0
1970 Spantax Convair crash,1970,,Spantax,7,3,5,5
Dominicana Flight 603,1970,,Dominicana de Aviación,97,5,102,0
Swissair Flight 330,1970,,Swissair,38,9,47,0
Dan-Air Flight 1903,1970,,Dan-Air,105,7,112,0
LANSA Flight 502,1970,,Aircraft registration,92,8,101,1
Wichita State University Crash,1970,,Aircraft registration,37,3,31,9
Southern Airways Flight 932,1970,,Southern Airways,71,4,75,0
Aviogenex Flight 130,1971,,Aviogenex,76,7,78,5
Aeroflot Flight 1912,1971,,Aeroflot,118,8,97,29
BEA Flight 706,1971,,British European Airways,55,8,63,0
Prinair Flight 191,1972,,Prinair,18,2,5,15
Pan Am Flight 841,1972,,Pan American World Airways,136,17,1,152
Aeroflot Flight 1036,1972,,Aeroflot,101,8,109,0
Aeroflot Flight 217,1972,,Aeroflot,164,10,174,0
"1972 Chicago–O'Hare<br />
runway collision",1972,,Delta Air Lines,41,4,10,35
Braathens SAFE Flight 239,1972,,Braathens SAFE,42,3,40,5
Eastern Air Lines Flight 401,1972,,Eastern Air Lines,163,13,101,75
Kano air disaster,1973,,Royal Jordanian,193,9,176,26
EgyptAir Flight 741,1973,,EgyptAir,30,7,37,0
Pan Am Flight 816,1973,,Pan American World Airways,69,10,78,1
Japan Air Lines Flight 404,1973,,Japan Air Lines,118,22,1,106
Ozark Air Lines Flight 809,1973,,Ozark Air Lines,41,3,38,6
Delta Air Lines Flight 723,1973,,Delta Air Lines,83,6,89,0
Texas International Airlines Flight 655,1973,,Texas International Airlines,8,3,11,0
National Airlines Flight 27,1973,,National Airlines (NA),116,12,1,127
Turkish Airlines Flight 301,1974,,Turkish Airlines,68,5,66,7
Turkish Airlines Flight 981,1974,,Turkish Airlines,334,12,346,0
1974 Sterling Airways Tehran Caravelle accident,1974,,Sterling Airways,92,4,15,81
TWA Flight 841,1974,,Trans World Airlines,79,9,88,0
Eastern Air Lines Flight 212,1974,,Eastern Air Lines,78,4,72,10
TWA Flight 514,1974,,Trans World Airlines,85,7,92,0
Golden West Airlines Flight 261,1975,,Aircraft registration,10,2,12,0
Turkish Airlines Flight 345,1975,,Turkish Airlines,38,4,42,0
Wien Air Alaska: Flight 99,1975,,Wien Air Alaska,28,4,10,22
Aeroflot Flight 3739,1976,,Aeroflot,104,10,24,90
Aeroflot Flight 1802,1976,,Aeroflot,46,6,52,0
Aeroflot Flight 418,1976,,Aeroflot,42,4,46,0
"British Airways Flight 476<br />
Inex-Adria Aviopromet Flight 550",1976,,Adria Airways,54,9,63,0
Turkish Airlines Flight 452,1976,,Turkish Airlines,146,8,154,0
Aeroflot Flight 2415,1976,,Aeroflot,67,6,73,0
Linjeflyg Flight 618,1977,,Skyline (Sweden),19,3,22,0
Aeroflot Flight 5003,1977,,Aeroflot,92,6,77,15
Southern Airways Flight 242,1977,,Southern Airways,81,4,72,22
1977 Dan-Air/IAS Cargo Boeing 707 crash,1977,,Dan-Air,1,5,6,0
Aeroflot Flight 331,1977,,Aeroflot,61,9,69,2
Convair 240 N55VM crash,1977,,"Addison, Texas",24,2,6,20
Transportes Aéreos Portugueses Flight 425,1977,,TAP Portugal,156,8,131,33
United Airlines Flight 2860,1977,,Aircraft registration,0,3,3,0
Pacific Western Airlines Flight 314,1978,,Pacific Western Airlines,44,5,42,7
1978 LAV HS 748 accident,1978,,Línea Aeropostal Venezolana,43,4,47,0
Korean Air Lines Flight 902,1978,,Korean Air,97,12,2,107
National Airlines Flight 193,1978,,National Airlines (NA),52,6,3,55
Air Canada Flight 189,1978,,Air Canada,102,5,2,105
Helikopter Service Flight 165,1978,,Helikopter Service,16,2,18,0
Air Rhodesia Flight 825,1978,,Air Rhodesia,52,4,48,8
Alitalia Flight 4128,1978,,Alitalia,124,5,108,21
Air Rhodesia Flight 827,1979,,Air Rhodesia,55,4,59,0
Air Rhodesia Flight 825,1978,,Air Rhodesia,52,4,48,8
Air New England Flight 248,1979,,Air New England,8,2,1,9
Dan-Air Flight 0034,1979,,Dan-Air Services Ltd,44,3,17,30
Swissair Flight 316,1979,,Swissair,142,12,14,140
Air New Zealand Flight 901,1979,,Air New Zealand,237,20,257,0
1979 Turkish Airlines Ankara crash,1979,,Turkish Airlines,41,4,41,4
Dan-Air Flight 1008,1980,,Dan-Air Services Ltd,138,8,146,0
Korean Air Lines Flight 015,1980,,Korean Air,206,20,15,211
Aer Lingus flight 164,1981,,Aer Lingus,103,10,0,113
Aeroflot Flight 498,1981,,Aeroflot,44,4,48,0
Dan-Air Flight 240,1981,,Dan-Air Services Ltd,0,3,3,0
Aeroflot Flight 811,1981,,Soviet Air Forces,27,5,31,1
NLM CityHopper Flight 431,1981,,NLM CityHopper,13,4,17,0
World Airways Flight 30,1982,,World Airways,200,12,2,210
Widerøe Flight 933,1982,,Widerøe,13,2,15,0
Spantax Flight 995,1982,,Spantax,381,13,50,344
Aeroflot Flight 343,1982,,Aeroflot,66,11,7,70
Turkish Airlines Flight 158,1983,,Turkish Airlines,60,7,47,20
Air Canada Flight 797,1983,,Air Canada,41,5,23,23
1983 British Airways Sikorsky S-61 crash,1983,,British Airways Helicopters,23,3,20,6
Air Canada Flight 143,1983,,Air Canada,61,8,0,69
Korean Air Lines Flight 007,1983,,Korean Air,246,23,269,0
Aeroflot Flight 6833,1983,,Aeroflot,57,7,8,56
Aeroflot Flight 601,1983,,Aeroflot,44,5,44,5
Aeroflot Flight 3519,1984,,Aeroflot,104,7,110,1
Galaxy Airlines Flight 203,1985,,Galaxy Airlines (USA),65,6,70,1
Iberia Airlines Flight 610,1985,,Iberia (airline),141,7,148,0
Air India Flight 182,1985,,Air India,307,22,329,0
Aeroflot Flight 7425,1985,,Aeroflot,191,9,200,0
Delta Air Lines Flight 191,1985,,Delta Air Lines,152,11,137,27
"Japan Airlines Flight 123<br />
日本航空123便",1985,,Japan Airlines,509,15,520,4
Midwest Express Flight 105,1985,,Midwest Express Airlines,27,4,31,0
EgyptAir Flight 648,1985,,EgyptAir,89,6,60,38
Arrow Air Flight 1285,1985,,Arrow Air,248,8,256,0
Mexicana Flight 940,1986,,Mexicana de Aviacion,159,8,167,0
Air Lanka Flight 512,1986,,Air Lanka,128,20,21,127
Aeroflot Flight 6502,1986,,Aeroflot,87,7,70,24
American Eagle Flight 5452,1987,,Executive Airlines,4,2,2,4
Philippine Airlines Flight 206,1987,,Philippine Airlines,46,4,50,0
South African Airways Flight 295,1987,,South African Airways,140,19,159,0
Korean Air Flight 858,1987,,Korean Air,104,11,115,0
PSA Flight 1771,1987,,Pacific Southwest Airlines,38,5,43,0
Trans-Colorado Airlines Flight 2286,1988,,Trans-Colorado Airlines,15,2,9,8
AVAir Flight 3378,1988,,Aircraft registration,10,2,12,0
Widerøe Flight 710,1988,,Widerøe,33,3,36,0
TACA Flight 110,1988,,Avianca El Salvador,38,7,0,45
Air France Flight 296,1988,,Air France,130,6,3,133
Delta Air Lines Flight 1141,1988,,Delta Air Lines,101,7,14,94
Ethiopian Airlines Flight 604,1988,,Ethiopian Airlines,98,6,35,69
Pan Am Flight 103,1988,,Pan American World Airways,243,16,270,0
United Airlines Flight 811,1989,,United Airlines,337,18,9,346
United Airlines Flight 232,1989,,United Airlines,279,17,111,185
Olympic Aviation Flight 545,1989,,Olympic Aviation,31,3,34,0
Avianca Flight 203,1989,,Avianca Airlines,101,6,110,0
Northwest Airlines Flight 5,1990,,Northwest Airlines,139,6,0,145
Avianca Flight 52,1990,,Avianca,149,9,73,85
Widerøe Flight 839,1990,,Widerøe,3,2,5,0
Philippine Airlines Flight 143,1990,,Philippine Airlines,114,6,8,112
Alitalia Flight 404,1990,,Alitalia,40,6,46,0
"Northwest Airlines<br />
Flight 1482&#160;<b>·</b> Flight 299",1990,,Northwest Airlines,40,4,8,36
L'Express Airlines Flight 508,1991,,L'Express Airlines,13,2,13,2
Nigeria Airways Flight 2120,1991,,Nolisair,247,14,261,0
Indian Airlines Flight IC-257,1991,,Indian Airlines,63,6,69,0
Continental Express Flight 2574,1991,,Britt Airways,11,3,14,0
Air Inter Flight 148,1992,,Air Inter,90,6,87,9
USAir Flight 405,1992,,US Airways,47,4,27,24
Copa Airlines Flight 201,1992,,Copa Airlines,40,7,47,0
1993 Tajik Air Yakovlev Yak-40 incident,1993,,Tajik Air,81,5,82,4
Widerøe Flight 744,1993,,Widerøe,17,2,6,13
China Airlines Flight 605,1993,,China Airlines,374,22,0,396
Northwest Airlink Flight 5719,1993,,Express Airlines I,16,2,18,0
Baikal Airlines Flight 130,1994,,Baikal Airlines,115,9,125,0
Federal Express Flight 705,1994,,FedEx Express,1,3,0,4
China Airlines Flight 140,1994,,China Airlines,256,15,264,7
China Northwest Airlines Flight 2303,1994,,China Northwest Airlines,146,14,160,0
Royal Air Maroc Flight 630,1994,,Royal Air Maroc,40,4,44,0
USAir Flight 427,1994,,US Airways,127,5,132,0
American Eagle Flight 4184,1994,,Simmons Airlines,64,4,68,0
Air France Flight 8969,1994,,Air France,224,12,7,229
Turkish Airlines Flight 278,1994,,Turkish Airlines,69,7,57,19
Bristow Flight 56C,1995,,Bristow Helicopters,16,2,0,18
TAROM Flight 371,1995,,TAROM,50,10,60,0
Atlantic Southeast Airlines Flight 529,1995,,Atlantic Southeast Airlines,26,3,9,20
Malaysia Airlines Flight 2133,1995,,Malaysia Airlines,49,4,34,19
Azerbaijan Airlines Flight 56,1995,,Azerbaijan Airlines,76,6,52,30
American Airlines Flight 965,1995,,American Airlines,155,8,159,4
1996 Air Africa crash,1996,,Moscow Airways,0,6,225,4
Birgenair Flight 301,1996,,Birgenair,176,13,189,0
ValuJet Airlines Flight 592,1996,,ValuJet Airlines,105,5,110,0
Delta Air Lines Flight 1288,1996,,Delta Air Lines,137,5,2,140
TWA Flight 800,1996,,Trans World Airlines,212,18,230,0
Vnukovo Airlines Flight 2801,1996,,Vnukovo Airlines,130,11,141,0
Aeroperú Flight 603,1996,,Aeroperú,61,9,70,0
Comair Flight 3272,1997,,Comair,26,3,29,0
FedEx Express Flight 14,1997,,FedEx Express,3,2,0,5
Korean Air Flight 801,1997,,Korean Air,237,17,228,26
Garuda Indonesia Flight 152,1997,,Garuda Indonesia,222,12,234,0
Tajikistan Airlines Flight 3183,1997,,Tajikistan Airlines,79,7,85,1
SilkAir Flight 185,1997,,SilkAir,97,7,104,0
Cebu Pacific Flight 387,1998,,Cebu Pacific Air,99,5,104,0
Philippine Airlines Flight 137,1998,,Philippine Airlines,124,6,3,130
1998 Occidental Petroleum Boeing 737 crash,1998,,Occidental Petroleum,80,8,75,13
PauknAir Flight 4101,1998,,PauknAir,34,4,38,0
Crossair Flight LX498,2000,,Crossair,7,3,10,0
Alaska Airlines Flight 261,2000,,Alaska Airlines,83,5,88,0
Southwest Airlines Flight 1455,2000,,Southwest Airlines,137,5,0,142
Air Philippines Flight 541,2000,,Air Philippines,124,7,131,0
Hapag-Lloyd Flight 3378,2000,,Hapag-Lloyd Flug,143,8,0,151
Air France Flight 4590,2000,,Continental Airlines,100,9,113,0
Singapore Airlines Flight 006,2000,,Singapore Airlines,159,20,83,96
Dirgantara Air Service Flight 3130,2000,,Dirgantara Air Service,17,1,0,18
Yemenia Airways Flight 448,2001,,Yemenia Airways,91,10,0,101
"2001 Japan Airlines mid-air incident<br />
日本航空機駿河湾上空ニアミス事故",2001,,Japan Airlines,411,16,0,427
2001 Avjet Aspen crash,2001,,Aircraft registration,15,3,18,0
American Airlines Flight 11,2001,,American Airlines,81,11,92,0
United Airlines Flight 175,2001,,United Airlines,56,9,65,0
American Airlines Flight 77,2001,,American Airlines,58,6,189,0
United Airlines Flight 93,2001,,United Airlines,37,7,44,0
Linate Airport disaster,2001,,Aircraft registration,104,6,110,0
American Airlines Flight 587,2001,,American Airlines,251,9,265,0
Crossair Flight 3597,2001,,Crossair,28,5,24,9
Garuda Indonesia Flight 421,2002,,Garuda Indonesia,54,6,1,59
TAME Flight 120,2002,,TAME,87,7,94,0
China Airlines Flight 611,2002,,China Airlines,206,19,225,0
"Bashkirian Airlines Flight 2937<br />
DHL Flight 611",2002,,DHL International Aviation ME,60,9,69,0
2002 Prestige Airlines Boeing 707 crash,2002,,Prestige Airlines (page does not exist),21,9,28,2
Swiss International Airlines Flight 850,2002,,Swiss International Air Lines,16,4,0,20
Northwest Airlines Flight 85,2002,,Northwest Airlines,386,18,0,404
Luxair Flight 9642,2002,,Luxair,19,3,20,2
Air Midwest Flight 5481,2003,,Air Midwest,19,2,21,0
Sudan Airways Flight 139,2003,,Sudan Airways,106,11,117,0
"<a href=""/wiki/European_Air_Transport"" class=""mw-redirect"" title=""European Air Transport"">European Air Transport</a> OO-DLL",2003,,European Air Transport,0,3,0,3
FedEx Express Flight 647,2003,,FedEx Express,5,2,0,7
Flash Airlines Flight 604,2004,,Flash Airlines,135,13,148,0
Pinnacle Airlines Flight 3701,2004,,Pinnacle Airlines,0,2,2,0
Lion Air Flight 538,2004,,Lion Air,146,7,25,128
Air Transat Flight 961,2005,,Air Transat,262,9,0,271
Regional Airlines Flight 9288,2005,,Regional Airlines (Russia) (page does not exist),45,7,28,24
2005 Logan Airport runway incursion,2005,,US Airways,260,12,0,272
2005 Logan Airport runway incursion,2005,,US Airways,260,12,0,272
Air France Flight 358,2005,,Air France,297,12,0,309
Tuninter Flight 1153,2005,,Tuninter,35,4,16,23
Helios Airways Flight 522,2005,,Helios Airways,115,6,121,0
TANS Perú Flight 204,2005,,TANS Perú,91,7,40,58
JetBlue Flight 292,2005,,JetBlue Airways,140,6,0,146
Bellview Airlines Flight 210,2005,,Bellview Airlines,111,6,117,0
Southwest Airlines Flight 1248,2005,,Southwest Airlines,98,5,1,103
Sosoliso Airlines Flight 1145,2005,,Sosoliso Airlines,103,7,108,2
Chalk's Ocean Airways Flight 101,2005,,Chalk's International Airlines,18,2,20,0
Armavia Flight 967,2006,,Armavia,105,8,113,0
Pakistan International Airlines Flight 688,2006,,Aircraft registration,41,4,45,0
Pulkovo Aviation Enterprise Flight 612,2006,,Pulkovo Aviation Enterprise,160,10,170,0
Comair Flight 5191,2006,,Comair,47,3,49,1
Gol Transportes Aéreos Flight 1907,2006,,ExcelAire,148,6,154,0
Turkish Airlines Flight 1476,2006,,Turkish Airlines,107,6,0,113
Atlantic Airways Flight 670,2006,,Atlantic Airways,12,4,4,12
Aviation Development Company Flight 53,2006,,ADC Airlines,105,5,96,9
Adam Air Flight 574,2007,,Adam Air,96,6,102,0
2007 Balad aircraft crash,2007,,AerianTur-M,30,5,34,1
Air West Flight 612,2007,,Air West,95,8,0,103
Garuda Indonesia Flight 200,2007,,Garuda Indonesia,133,7,21,119
UTair Flight 471,2007,,UTair Aviation,50,7,6,51
2007 Mogadishu TransAVIAexport Airlines Il-76 crash,2007,,TransAVIAexport Airlines,4,7,11,0
Kenya Airways Flight 507,2007,,Kenya Airways,108,6,114,0
PMTair Flight 241,2007,,PMTair,16,6,22,0
TAM Airlines Flight 3054,2007,,TAM Airlines,180,7,199,0
China Airlines Flight 120,2007,,China Airlines,157,8,0,165
2007 Africa One Antonov An-26 crash,2007,,Malift Air,17,5,51,1
Atlasjet Flight 4203,2007,,World Focus Airlines,50,7,57,0
TAROM Flight 3107,2007,,TAROM,117,6,0,123
2008 Transaven Turbolet crash,2008,,Transaven (page does not exist),12,2,14,0
British Airways Flight 38,2008,,British Airways,136,16,0,152
Belavia Flight 1834,2008,,Belavia,18,3,0,21
Santa Bárbara Airlines Flight 518,2008,,SBA Airlines,43,3,46,0
Benzdorp An-28 crash,2008,,Blue Wing Airlines,17,2,19,0
Hewa Bora Airways Flight 122,2008,,Hewa Bora Airways,86,8,40,91
TACA Flight 390,2008,,TACA Airlines,118,6,5,121
Sudan Airways Flight 109,2008,,Sudan Airways,203,11,30,184
Qantas Flight 30,2008,,Qantas,346,19,0,365
Spanair Flight 5022,2008,,Spanair,166,6,154,18
Iran Aseman Airlines Flight 6895,2008,,Itek Air,83,7,68,22
Aeroflot Flight 821,2008,,Aeroflot-Nord,82,6,88,0
Qantas Flight 72,2008,,Qantas,303,12,0,315
Yeti Airlines Flight 103,2008,,Yeti Airlines,16,3,18,1
Continental Airlines Flight 1404,2008,,Continental Airlines,110,5,0,115
US Airways Flight 1549,2009,,US Airways,150,5,0,155
2009 Manaus Aerotáxi crash,2009,,Manaus Aerotáxi,26,2,24,4
Colgan Air Flight 3407,2009,,Colgan Air,45,4,50,0
Turkish Airlines Flight 1951,2009,,Turkish Airlines,128,7,9,126
Cougar Helicopters Flight 91,2009,,Cougar Helicopters,16,2,17,1
Emirates Flight 407,2009,,Emirates (airline),257,18,0,275
2009 Bond Helicopters Eurocopter AS332 crash,2009,,Bond Offshore Helicopters,14,2,16,0
CanJet Flight 918,2009,,CanJet,174,8,0,182
Air France Flight 447,2009,,Air France,216,12,228,0
Yemenia Flight 626,2009,,Yemenia,142,11,152,1
Caspian Airlines Flight 7908,2009,,Caspian Airlines,153,15,168,0
Aria Air Flight 1525,2009,,Aria Air,156,17,16,157
Merpati Nusantara Airlines Flight 9760,2009,,Merpati Nusantara Airlines,12,3,15,0
Airlines PNG Flight 4684,2009,,Airlines PNG,11,2,13,0
Azza Transport Flight 2241,2009,,Azza Transport,3,3,6,0
American Airlines Flight 331,2009,,American Airlines,148,6,0,154
Northwest Airlines Flight 253,2009,,Northwest Airlines,279,11,0,290
Taban Air Flight 6437,2010,,Taban Air,157,13,0,170
Ethiopian Airlines Flight 409,2010,,Ethiopian Airlines,82,8,90,0
AeroUnion Flight 302,2010,,AeroUnion,0,5,5,0
Merpati Nusantara Airlines Flight 836,2010,,Merpati Nusantara Airlines,103,6,0,109
Afriqiyah Airways Flight 771,2010,,Afriqiyah Airways,93,11,103,1
Pamir Airways Flight 112,2010,,Pamir Airways,39,5,44,0
Air India Express Flight 812,2010,,Air India Express,160,6,158,8
Airblue Flight 202,2010,,Airblue,146,6,152,0
Katekavia Flight 9357,2010,,Katekavia,11,4,12,3
AIRES Flight 8250,2010,,AIRES,125,6,2,129
Henan Airlines Flight 8387,2010,,Henan Airlines,91,5,44,52
"Filair flight, number unknown",2010,,Filair,18,3,20,1
UPS Airlines Flight 6,2010,,UPS Airlines,0,2,2,0
Aero Caribbean Flight 883,2010,,Aero Caribbean,61,7,68,0
Qantas Flight 32,2010,,Qantas,440,29,0,469
Zalingei Tarco Airlines Antonov An-24 crash,2010,,Tarco Airlines,36,6,1,32
Dagestan Airlines Flight 372,2010,,Dagestan Airlines,160,8,2,166
Kolavia Flight 348,2011,,Kogalymavia,116,8,3,131
Iran Air Flight 277,2011,,Iran Air,93,12,78,27
Manx2 Flight 7100,2011,,Aircraft registration,10,2,6,6
Southwest Airlines Flight 812,2011,,Southwest Airlines,117,5,0,123
2011 United Nations Bombardier CRJ-100 crash,2011,,Georgian Airways,29,4,32,1
Merpati Nusantara Airlines Flight 8968,2011,,Merpati Nusantara Airlines,19,6,25,0
Sol Líneas Aéreas Flight 5428,2011,,Sol Líneas Aéreas,19,3,22,0
RusAir Flight 9605,2011,,RusAir,43,9,47,5
Hewa Bora Airways Flight 952,2011,,Hewa Bora Airways,112,6,74,44
Noar Linhas Aéreas Flight 4896,2011,,Noar Linhas Aéreas,14,2,16,0
Caribbean Airlines Flight 523,2011,,Caribbean Airlines,157,6,0,163
First Air Flight 6560,2011,,First Air,11,4,12,3
Lokomotiv Yaroslavl air disaster,2011,,Yak-Service,37,8,44,1
Airlines PNG Flight 1600,2011,,Airlines PNG,29,3,28,4
LOT Polish Airlines Flight 16,2011,,LOT Polish Airlines,220,11,0,231
UTAir Flight 120,2012,,UTair Aviation,39,4,33,10
Bhoja Air Flight 213,2012,,Bhoja Air,121,6,127,0
Mount Salak Sukhoi Superjet 100 crash,2012,,Sukhoi,37,8,45,0
2012 Agni Air Dornier 228 crash,2012,,Agni Air,18,3,15,6
Dana Air Flight 992,2012,,Dana Air,147,6,163,0
Sita Air Flight 601,2012,,Sita Air,16,3,19,0
2012 Aéro-Service Ilyushin Il-76T crash,2012,,Air Highnesses (page does not exist),1,5,32,0
Air Bagan Flight 011,2012,,Air Bagan,65,6,2,70
Red Wings Airlines Flight 9268,2012,,Red Wings Airlines,0,8,5,3
Lion Air Flight 904,2013,,Lion Air,101,7,0,108
Nepal Airlines Flight 555,2013,,Nepal Airlines,18,3,0,21
Merpati Nusantara Airlines Flight 6517,2013,,Merpati Nusantara Airlines,46,4,0,50
Asiana Airlines Flight 214,2013,,Asiana Airlines,291,16,3,304
UPS Airlines Flight 1354,2013,,UPS Airlines,0,2,2,0
Lao Airlines Flight 301,2013,,Lao Airlines,44,5,49,0
Tatarstan Airlines Flight 363,2013,,Tatarstan Airlines,44,6,50,0
LAM Mozambique Airlines Flight 470,2013,,LAM Mozambique Airlines,27,6,33,0
Nepal Airlines Flight 183,2014,,Nepal Airlines,15,3,18,0
Malaysia Airlines Flight 17,2014,,Malaysia Airlines,283,15,298,0
TransAsia Airways Flight 222,2014,,TransAsia Airways,54,4,48,10
Sepahan Airlines Flight 5915,2014,,Sepahan Airlines,40,8,39,9
Indonesia AirAsia Flight 8501,2014,,Indonesia AirAsia,156,6,162,0
TransAsia Airways Flight 235,2015,,TransAsia Airways,53,5,43,15
Delta Air Lines Flight 1086,2015,,Delta Air Lines,127,5,0,132
Germanwings Flight 9525,2015,,Germanwings,144,6,150,0
Turkish Airlines Flight 1878,2015,,Turkish Airlines,97,5,0,102
Trigana Air Service Flight 267,2015,,Trigana Air Service,49,5,54,0
British Airways Flight 2276,2015,,British Airways,157,13,0,170
Aviastar Flight 7503,2015,,Aviastar (Indonesia),7,3,10,0
Dynamic Airways Flight 405,2015,,Dynamic Airways,90,11,0,101
Metrojet Flight 9268,2015,,Metrojet (Russian airline),217,7,224,0
2015 Juba An-12 crash,2015,,Aircraft registration,13,6,37,2
Daallo Airlines Flight 159,2016,,Daallo Airlines,74,7,1,80
Tara Air Flight 193,2016,,Tara Air,20,3,23,0
2016 Air Kasthamandap crash,2016,,List of airlines of Nepal,9,2,2,9
Flydubai Flight 981,2016,,Flydubai,55,7,62,0
EgyptAir Flight 181,2016,,EgyptAir,56,7,0,63
Batik Air Flight 7703,2016,,TransNusa Air Services,49,7,0,56
2016 Sunbird Aviation crash,2016,,Aircraft registration,11,1,12,0
EgyptAir Flight 804,2016,,EgyptAir,56,10,66,0
Singapore Airlines Flight 368,2016,,Singapore Airlines,222,19,0,241
Emirates Flight 521,2016,,Emirates (airline),282,18,1,300
ASL Hungary Flight 7332,2016,,ASL Airlines Hungary,0,2,0,2
Southwest Airlines Flight 3472,2016,,Southwest Airlines,99,5,0,104
American Airlines Flight 383,2016,,American Airlines,161,9,0,170
LaMia Flight 2933,2016,,LaMia,73,4,71,6
Pakistan International Airlines Flight 661,2016,,Pakistan International Airlines,42,5,47,0
2017 South Supreme Airlines Antonov An-26 crash,2017,,South Supreme Airlines,40,5,0,45
Peruvian Airlines Flight 112,2017,,Peruvian Airlines,141,9,0,150
Air Canada Flight 759,2017,,Air Canada,135,5,0,140
Air France Flight 66,2017,,Air France,497,24,0,521
Air France Flight 66,2017,,Air France,497,24,0,521
